group,comment_count,exact_match_accuracy,micro_recall,micro_f1,false_negative_comment_rate
clean_comments,28671,0.9961982491018799,,,0.0
single_label_comments,1220,0.15901639344262294,0.22049180327868853,0.33292079207920794,0.7795081967213114
multi_label_comments,2024,0.2756916996047431,0.5866074478988725,0.7249313911758497,0.6640316205533597
