label,roc_auc
toxic,0.9702314536973322
severe_toxic,0.9759971578656542
obscene,0.9822937366053328
threat,0.9862369357203062
insult,0.9764503868599347
identity_hate,0.9670674379615545
