metric,value
micro_f1,0.6609579876906609
macro_f1,0.45679065319745477
weighted_f1,0.651148468622832
hamming_loss,0.019849600501331662
