metric,value
micro_f1,0.6606601248884925
macro_f1,0.45663027523186805
weighted_f1,0.6508699899184441
hamming_loss,0.01986526711577628
subset_accuracy_exact_match,0.9185022716590945
micro_roc_auc,0.9802383945314036
macro_roc_auc,0.9763795181183524
