metric,value
micro_f1,0.6606601248884925
macro_f1,0.45663027523186805
weighted_f1,0.6508699899184441
hamming_loss,0.01986526711577628
