label,roc_auc
toxic,0.9702178018362977
severe_toxic,0.9760018908121086
obscene,0.9822156565559053
threat,0.9861605426286183
insult,0.9764143175287912
identity_hate,0.967059262906959
