group,comment_count,exact_match_accuracy,micro_recall,micro_f1,false_negative_comment_rate
clean_comments,28671,0.9961982491018799,,,0.0
single_label_comments,1220,0.15901639344262294,0.22049180327868853,0.3331269349845201,0.7795081967213114
multi_label_comments,2024,0.27618577075098816,0.5869490946361462,0.7252005065428451,0.6635375494071146
