model,micro_f1,macro_f1,weighted_f1,hamming_loss,exact_match_accuracy,macro_roc_auc
distilbert,0.7955043059407386,0.6359931811886445,0.7872503733324346,0.014632617891273696,0.929280902396992,0.9910251281761123
