model,group,comment_count,exact_match_accuracy,micro_recall,micro_f1
distilbert,single_label,42,0.11904761904761904,0.11904761904761904,0.20833333333333334
distilbert,multi_label,60,0.23333333333333334,0.49142857142857144,0.6564885496183206
