model,group,comment_count,exact_match_accuracy,micro_recall,micro_f1,false_negative_comment_rate
baseline,single_label,1220,0.1590163934426229,0.2204918032786885,0.3331269349845201,0.7795081967213114
baseline,multi_label,2024,0.2761857707509881,0.5869490946361462,0.7252005065428451,0.6635375494071146
threshold_tuned,single_label,1220,0.2049180327868852,0.4327868852459016,0.4802182810368349,0.5672131147540984
threshold_tuned,multi_label,2024,0.3127470355731225,0.789545609839426,0.8102375317731615,0.3685770750988142
class_weight_balanced,single_label,1220,0.2196721311475409,0.6614754098360656,0.5419744795164539,0.3385245901639344
class_weight_balanced,multi_label,2024,0.2648221343873518,0.8976768021865391,0.8208372383630116,0.1951581027667984
distilbert,single_label,1220,0.3295081967213115,0.5459016393442623,0.5839544059622972,
distilbert,multi_label,2024,0.4555335968379446,0.8172189955585925,0.8667451761934958,
