model,micro_f1,macro_f1,weighted_f1,hamming_loss,exact_match_accuracy,macro_roc_auc
baseline,0.6606601248884925,0.456630275231868,0.6508699899184441,0.0198652671157762,0.9185022716590944,0.9763795181183524
threshold_tuned,0.725850771507081,0.5989478878833345,0.73424254024429,0.0203195989346702,0.9122982923390256,0.9763795181183524
class_weight_balanced,0.6851359755752813,0.5629027709950619,0.7043614650021193,0.0290824586140268,0.8806830643897854,0.9780679161451422
distilbert,0.7955043059407386,0.6359931811886445,0.7872503733324346,0.0146326178912736,0.929280902396992,0.9910251281761124
