,positive_count,positive_rate
toxic,15294,0.09584448302009764
obscene,8449,0.052948217407925
insult,7877,0.04936360616904074
severe_toxic,1595,0.009995550569965721
identity_hate,1405,0.00880485802558109
threat,478,0.002995531769557125
