model,micro_f1,macro_f1,weighted_f1,hamming_loss,exact_match_accuracy,macro_roc_auc,average_predicted_labels
baseline,0.6606601248884925,0.45663027523186805,0.6508699899184441,0.01986526711577628,0.9185022716590945,0.9763795181183524,0.12959423468588438
threshold_tuned,0.725850771507081,0.5989478878833345,0.73424254024429,0.020319598934670217,0.9122982923390255,0.9763795181183524,0.22306125646247846
class_weight_balanced,0.6851359755752813,0.5629027709950619,0.7043614650021193,0.029082458614026842,0.8806830643897854,0.9780679161451422,0.3325395582014727
