model,group,comment_count,exact_match_accuracy,micro_recall,micro_f1,false_negative_comment_rate
baseline,single_label,1220,0.15901639344262294,0.22049180327868853,0.3331269349845201,0.7795081967213114
baseline,multi_label,2024,0.27618577075098816,0.5869490946361462,0.7252005065428451,0.6635375494071146
threshold_tuned,single_label,1220,0.20491803278688525,0.43278688524590164,0.48021828103683495,0.5672131147540984
threshold_tuned,multi_label,2024,0.31274703557312256,0.789545609839426,0.8102375317731615,0.3685770750988142
class_weight_balanced,single_label,1220,0.21967213114754097,0.6614754098360656,0.5419744795164539,0.33852459016393444
class_weight_balanced,multi_label,2024,0.2648221343873518,0.8976768021865391,0.8208372383630116,0.19515810276679843
