,text_length,word_count
count,159571.0,159571.0
mean,390.91831849145524,67.27352714465661
std,586.3438615729524,99.23070219290523
min,6.0,1.0
25%,94.0,17.0
50%,204.0,36.0
75%,432.0,75.0
max,5000.0,1411.0
