label,selected_threshold,default_precision,default_recall,default_f1,tuned_precision,tuned_recall,tuned_f1
toxic,0.2878674228808617,0.9273084479371316,0.5657211346384339,0.7027295285359801,0.8105548037889039,0.7179384738314023,0.7614406779661017
severe_toxic,0.08687389098922589,0.5977011494252874,0.20553359683794467,0.3058823529411765,0.3922902494331066,0.6837944664031621,0.49855907780979825
obscene,0.2214344618345632,0.926052332195677,0.5924308588064047,0.7225920994229915,0.8383185125303153,0.754730713245997,0.7943316736882421
threat,0.07463232501703024,1.0,0.08571428571428572,0.15789473684210525,0.5522388059701493,0.5285714285714286,0.5401459854014599
insult,0.18012667212327976,0.8609986504723347,0.4870229007633588,0.6221355436372501,0.683182135380321,0.7473282442748092,0.7138169886985053
identity_hate,0.078577872797455,0.6097560975609756,0.11363636363636363,0.19157088122605365,0.35714285714285715,0.5227272727272727,0.42435424354243545
